{
  "format_version": "1.10.0",
  "particle_effect": {
    "description": {
      "identifier": "sweepnslash:damage_indicator_emitter",
      "basic_render_parameters": {
        "material": "particles_alpha",
        "texture": "textures/particle/damage_indicator"
      }
    },
    "components": {
      "minecraft:emitter_rate_instant": {
        "num_particles": "v.amount"
      },
      "minecraft:emitter_lifetime_once": {
        "active_time": 1
      },
      "minecraft:emitter_shape_point": {
        "direction": [
          "Math.random(-0.75, 0.75)",
          "(Math.random(-1.0, 1.0) * 0.4) + 1.0",
          "Math.random(-0.75, 0.75)"
        ]
      },
      "minecraft:particle_lifetime_expression": {
        "max_lifetime": "1.0"
      },
      "minecraft:particle_initial_speed": "Math.random(5.0, 20.0)",
      "minecraft:particle_motion_dynamic": {
        "linear_acceleration": [
          0,
          -12,
          0
        ],
        "linear_drag_coefficient": 10
      },
      "minecraft:particle_appearance_billboard": {
        "size": [
          "(0.1 * (variable.particle_random_1 * 0.5 + 0.5 ) * 2.0) * 0.75",
          "(0.1 * (variable.particle_random_1 * 0.5 + 0.5 ) * 2.0) * 0.75"
        ],
        "facing_camera_mode": "rotate_xyz",
        "uv": {
          "texture_width": 8,
          "texture_height": 8,
          "uv": [
            0,
            0
          ],
          "uv_size": [
            8,
            8
          ]
        }
      },
      "minecraft:particle_appearance_lighting": {},
      "minecraft:particle_appearance_tinting": {
        "color": {
          "interpolant": "v.particle_age / v.particle_lifetime",
          "gradient": {
            "0.0": "#FFDEDEDE",
            "0.75": "#FFF76F6F"
          }
        }
      }
    }
  }
}