{
  "format_version": "1.10.0",
  "particle_effect": {
    "description": {
      "identifier": "minecraft:magic_critical_hit_emitter",
      "basic_render_parameters": {
        "material": "particles_alpha",
        "texture": "textures/blocks/wool_colored_white"
      }
    },
    "components": {
      "minecraft:emitter_rate_steady": {
        "spawn_rate": 0,
        "max_particles": 0
      },
      "minecraft:emitter_lifetime_looping": {},
      "minecraft:emitter_shape_point": {},
      "minecraft:particle_lifetime_expression": {},
      "minecraft:particle_initial_speed": 0,
      "minecraft:particle_motion_dynamic": {},
      "minecraft:particle_appearance_billboard": {
        "size": [
          0,
          0
        ],
        "facing_camera_mode": "rotate_xyz",
        "uv": {
          "texture_width": 0,
          "texture_height": 0,
          "uv": [
            0,
            0
          ],
          "uv_size": [
            0,
            0
          ]
        }
      }
    }
  }
}