{
  "format_version": "1.10.0",
  "particle_effect": {
    "description": {
      "identifier": "sweepnslash:sweep_particle",
      "basic_render_parameters": {
        "material": "particles_alpha",
        "texture": "textures/particle/sweep"
      }
    },
    "components": {
      "minecraft:emitter_rate_instant": {
        "num_particles": 1
      },
      "minecraft:emitter_lifetime_once": {
        "active_time": 1
      },
      "minecraft:emitter_shape_point": {},
      "minecraft:particle_lifetime_expression": {
        "max_lifetime": 0.25
      },
      "minecraft:particle_appearance_billboard": {
        "size": [
          "1*v.size",
          "0.5*v.size"
        ],
        "facing_camera_mode": "rotate_xyz",
        "uv": {
          "texture_width": 16,
          "texture_height": 1,
          "flipbook": {
            "base_UV": [
              0,
              0
            ],
            "size_UV": [
              2,
              1
            ],
            "step_UV": [
              2,
              0
            ],
            "frames_per_second": 8,
            "max_frame": 8,
            "stretch_to_lifetime": true
          }
        }
      },
      "minecraft:particle_appearance_tinting": {
        "color": [
          "v.color.r",
          "v.color.g",
          "v.color.b",
          1
        ]
      }
    }
  }
}